cbdname,region_all,WRLURI_metro2,Tot_FrcDev50_01,Tot_FrcUnavail50_01,numtracts,region_gamma101a_units_IV,region_gamma201a_units_IV,region_gamma101a_space_IV,region_gamma201a_space_IV
Abilene,40,0.10083066672086716,0.011947336606681347,0.024700528010725975,42,0.7105403542518616,0.7267751693725586,0.7882310748100281,0.8006272315979004
Akron,80,-0.01093271654099226,0.09665247797966003,0.07218305766582489,199,0.4088113605976105,0.4504411816596985,0.4656967520713806,0.5004701614379883
Albany,120,-0.4981067478656769,0.013998906128108501,0.14139269292354584,35,0.7863600254058838,0.7989233732223511,0.864651620388031,0.8752079606056213
Albany,160,-0.16071860492229462,0.03780004009604454,0.37951943278312683,208,0.40404465794563293,0.4588817059993744,0.4665082097053528,0.5087888240814209
Albuquerque,200,0.349215030670166,0.02285054326057434,0.1303156465291977,195,0.48381173610687256,0.531585693359375,0.5302984714508057,0.5737483501434326
Alexandria,220,-1.6766891479492188,0.013742049224674702,0.19521792232990265,34,0.7222452759742737,0.7369956970214844,0.7901560664176941,0.8030715584754944
Allentown,240,-0.01547421794384718,0.055202096700668335,0.29728707671165466,133,0.2783975303173065,0.34690767526626587,0.3446306884288788,0.39802682399749756
Altoona,280,0.3540635108947754,0.016776420176029205,0.5248425602912903,34,0.29043707251548767,0.3452513813972473,0.3570866584777832,0.40124547481536865
Amarillo,320,-0.3986941874027252,0.012793270871043205,0.03054216131567955,59,0.537666916847229,0.560327410697937,0.624428391456604,0.6426344513893127
Anderson,400,-1.2100285291671753,0.04378776624798775,0.011072536930441856,36,0.649167537689209,0.6808925271034241,0.7355470657348633,0.7608294486999512
Anderson,405,0,0.035414375364780426,0.14732703566551208,34,0.5344577431678772,0.5438185930252075,0.5807366371154785,0.5869179964065552
Anniston,450,-1.0729578733444214,0.018438881263136864,0.34696754813194275,47,0.5866075158119202,0.6198205947875977,0.628821074962616,0.6505780220031738
Appleton,460,-0.1525454819202423,0.03707952797412872,0.21056437492370605,80,0.4780692756175995,0.5271530747413635,0.5918080806732178,0.6276112198829651
Asheville,480,-0.6693570613861084,0.01859482377767563,0.6923359632492065,59,0.5427960753440857,0.5646511912345886,0.5844616293907166,0.5996466279029846
Athens,500,0,0.023645922541618347,0.10408519953489304,35,0.5185512900352478,0.5297601222991943,0.5552825927734375,0.5640439391136169
Atlanta,520,0.0764625072479248,0.12250886857509613,0.12692536413669586,602,0.42796143889427185,0.4484119117259979,0.4719927906990051,0.4883687198162079
Atlantic City,34001,1.1505322456359863,0.02085978351533413,0.18707701563835144,218,0.519745409488678,0.5889549851417542,0.6400635838508606,0.6929022073745728
Augusta,600,-0.7329314947128296,0.02595696412026882,0.13528358936309814,79,0.5289546251296997,0.5425804853439331,0.5702477693557739,0.5816136002540588
Austin,640,-0.15499719977378845,0.043196458369493484,0.10505598038434982,243,0.4260452389717102,0.457097589969635,0.4760429263114929,0.5019032955169678
Bakersfield,680,0.4303559958934784,0.02781342901289463,0.07399816066026688,140,0.40393009781837463,0.46553003787994385,0.5011703968048096,0.5525373816490173
Baldwin,3600,-0.30046725273132324,0.043351221829652786,0.2605225145816803,201,0.6788640022277832,0.6965094804763794,0.7703694701194763,0.7835527658462524
Baltimore,720,1.8189414739608765,0.08549610525369644,0.14340287446975708,615,0.28928855061531067,0.3542594909667969,0.3596658408641815,0.4114217460155487
Bangor,730,0.6014984846115112,0.014039496891200542,0.2970160245895386,24,0.42806297540664673,0.4744024872779846,0.4890937805175781,0.5287677049636841
Baton Rouge,760,-1.2075979709625244,0.035426001995801926,0.40151074528694153,106,0.6615481972694397,0.6813843250274658,0.7555548548698425,0.7717242240905762
Battle Creek,780,0.2717585265636444,0.029535343870520592,0.15860439836978912,40,0.5714660882949829,0.6067487001419067,0.6298174858093262,0.6613827347755432
Beaumont,840,-0.5993521809577942,0.03443953022360802,0.3602089583873749,101,0.5722342133522034,0.6070290803909302,0.6865079998970032,0.7123139500617981
Belliingham,860,0,0.01905112713575363,0.15095645189285278,27,0.566145658493042,0.6213451623916626,0.6080155968666077,0.6560927033424377
Benton Harbor,870,-0.35663172602653503,0.022242026403546333,0.07672596722841263,48,0.5208842754364014,0.5537673234939575,0.6017009019851685,0.6252674460411072
Berry Hill,5360,-0.41783982515335083,0.04291222244501114,0.27083101868629456,226,0.4774395525455475,0.4960750937461853,0.5284445285797119,0.5429860353469849
Bibb City,1800,-1.1368556022644043,0.021085666492581367,0.10450247675180435,89,0.3946003019809723,0.4413689076900482,0.45447689294815063,0.4859195053577423
Billings,880,-0.19342540204524994,0.00957396999001503,0.15981857478618622,27,0.3260883390903473,0.36856433749198914,0.4039013087749481,0.43846994638442993
Biloxi,920,-1.0908113718032837,0.017544198781251907,0.23506474494934082,79,0.6460133790969849,0.6633749604225159,0.7453191876411438,0.7571099400520325
Binghamton,960,-0.8055540919303894,0.011428491212427616,0.5895077586174011,65,0.45240601897239685,0.4996316730976105,0.5007371306419373,0.5364218950271606
Birmingham,1000,-0.097586989402771,0.03894967958331108,0.3975955545902252,179,0.4265638291835785,0.44695502519607544,0.4750460088253021,0.49127787351608276
Bismarck,1010,-0.3328857123851776,0.006952797062695026,0.11385104805231094,21,0.5109089612960815,0.554956316947937,0.5566089749336243,0.5941842198371887
Bloomington,1020,0,0.010859418660402298,0.2827429473400116,29,0.45591598749160767,0.4754940867424011,0.5040673613548279,0.5203078389167786
Bloomington,1040,-0.20483499765396118,0.02671876549720764,0.010932499542832375,41,0.45448917150497437,0.49962761998176575,0.5348571538925171,0.5766969323158264
Boise City,1080,-0.0010928575647994876,0.015484172850847244,0.25564050674438477,50,0.6221359372138977,0.6337990760803223,0.6913073062896729,0.7018290162086487
Boston,1120,1.8042722940444946,0.13833975791931152,0.1687743216753006,900,0.05136323720216751,0.1313420534133911,0.1601467728614807,0.2214939296245575
Bridgeport,9001,0.4112560749053955,0.10030648857355118,0.19240562617778778,175,-0.0010440114419907331,0.091090127825737,0.12727707624435425,0.18869245052337646
Bristol,9002,0.08388283848762512,0.07977849990129471,0.34066689014434814,262,0.2265651524066925,0.3024684488773346,0.30565330386161804,0.3619439899921417
Brockton,1200,2.8119819164276123,0.13471703231334686,0.16154174506664276,66,0.40497133135795593,0.4510534703731537,0.4769962430000305,0.514904260635376
Brownsville,1240,-1.0260666608810425,0.018078148365020752,0.05574042722582817,86,0.47890645265579224,0.5342592597007751,0.61537933349609375,0.6539592146873474
Bryan,1260,0.3756938874721527,0.01378523837774992,0.0695430263876915,30,0.44618162512779236,0.4693118929862976,0.5357431769371033,0.5561342835426331
Buffalo,1280,-0.2056930661201477,0.03796717897057533,0.10960544645786285,302,0.44042831659317017,0.4797627031803131,0.5450528264045715,0.5760444402694702
Burlington,1300,-0.6239683628082275,0.038023218512535095,0.05353168398141861,148,0.2299220710992813,0.3083930015563965,0.32682445645332336,0.3797476589679718
"Burlington,VT",1305,1.2898005247116089,0.01632564328610897,0.5835429430007935,31,0.39507174491882324,0.4490409791469574,0.4564102292060852,0.503243088722229
Canton,1320,-0.7246537208557129,0.057939060032367706,0.22396299242973328,87,0.419026255607605,0.45522812008857727,0.476703941822052,0.5041860342025757
Casper,1350,-0.8195934295654297,0.002682208549231291,0.2689841091632843,17,0.4491131007671356,0.4804171025753021,0.4925227165222168,0.5184553265571594
Castleton,3480,-0.6934570670127869,0.06851667165756226,0.030584411695599556,304,0.5156533122062683,0.536679744720459,0.6135352253913879,0.6300472021102905
Cedar Rapids,1360,-0.6649553775787354,0.024304674938321114,0.07470722496509552,43,0.43201160430908203,0.4628232419490814,0.48327916860580444,0.5087635517120361
Champaign,1400,-0.3913686275482178,0.02319023758172989,0.00693127978593111,41,0.5611302852630615,0.6015977263450623,0.6657319664955139,0.6987195611000061
Charleston,1440,-0.7721279859542847,0.018575891852378845,0.2392423003911972,117,0.7185463309288025,0.7368412017822266,0.8078603744506836,0.8224893808364868
Charleston,1480,-1.1518689393997192,0.01767280325293541,0.6441272497177124,61,0.3961472809314728,0.4497504234313965,0.4582652151584625,0.49852633476257324
Charlotte,1520,-0.4211914539337158,0.06374454498291016,0.0634496733546257,305,0.44139477610588074,0.46237844228744507,0.4921450614929199,0.5077349543571472
Charlottesville,1540,-0.9799600839614868,0.015596559271216393,0.28869184851646423,29,0.4610976576805115,0.48570799827575684,0.5018489360809326,0.5224587917327881
Chattanooga,1560,-0.7203027606010437,0.03240179643034935,0.39955854415893555,93,0.5294835567474365,0.546477198600769,0.5719584822654724,0.5856651067733765
"Cheyenne,WY",1580,0,0.007413920015096664,0.11053961515426636,18,0.4712752103805542,0.4954690635204315,0.525101363658905,0.544745147228241
Chicago,1600,0.006461304146796465,0.20510978996753693,0.03178786858916283,1880,0.2621195316314697,0.2905510365962982,0.389031320810318,0.411224365234375
"Chico,CA",1620,0.9309685230255127,0.012490198947489262,0.27253320813179016,42,0.5538069009780884,0.586764931678772,0.6349433660507202,0.6607568860054016
Cincinnati,1640,-0.5385129451751709,0.06476899236440659,0.2945716679096222,463,0.34146848320961,0.38750922679901123,0.40819185972213745,0.4441941976547241
Clarksville,1660,0,0.013876269571483135,0.25953441858291626,28,0.627227246761322,0.6379795670509338,0.6576344966888428,0.6664139032363892
Cleveland,1680,-0.18157745897769928,0.08542648702859879,0.04425195977091789,694,0.38436245918273926,0.4075494110584259,0.46969074010849,0.49123361706733704
Colorado Springs,1720,0.9214591979980469,0.01900331676006317,0.31011149287223816,117,0.37481144070625305,0.4012754559516907,0.421159952878952,0.44343966245651245
Columbia,1740,-1.6012475490570068,0.01637057587504387,0.1586064249277115,31,0.5455189943313599,0.572249174118042,0.5826704502105713,0.6055551767349243
Columbia,1760,-0.7293436527252197,0.031163128092885017,0.19118143618106842,150,0.5283121466636658,0.5475338101387024,0.5661870241165161,0.5834523439407349
Columbus,1840,0.2751924991607666,0.06277205795049667,0.029307890683412552,379,0.42418983578681946,0.46606072783470154,0.5167493224143982,0.5517315864562988
Corpus Christi,1880,-0.2050543576478958,0.02607293613255024,0.12028389424085617,78,0.48097217082977295,0.515255331993103,0.595285952091217,0.6232096552848816
Cumberland,1900,0,0.011309883557260036,0.6432563662528992,30,0.5481101274490356,0.5907407402992249,0.5848784446716309,0.6182025671005249
Dallas,1920,-0.25099143385887146,0.17015981674194336,0.06831516325473785,1016,0.29281124472618103,0.34264710545539856,0.37938910722732544,0.42016059160232544
Danbury,9003,0.6820104122161865,0.07649321854114532,0.3800385296344757,75,0.46201616525650024,0.49030739068984985,0.5127473473548889,0.5343132019042969
Danville,1950,0,0.01618821732699871,0.125713512301445,28,0.5738271474838257,0.5934677720069885,0.6031259298324585,0.6179910898208618
"Danville,IL",1940,-0.6655962467193604,0.016721343621611595,0.014727970585227013,25,0.7147712111473083,0.7329791188240051,0.7683981657028198,0.7840400338172913
Davenport,1960,-0.8972361087799072,0.030698148533701897,0.07498222589492798,99,0.4210270047187805,0.4658752679824829,0.4811803698539734,0.5170885920524597
Dayton,2000,-0.5119605660438538,0.05794931575655937,0.015244058333337307,281,0.5082172751426697,0.5430173873901367,0.576206624507904,0.6079801917076111
Daytona Beach,2020,0.7841231226921082,0.022369224578142166,0.23926225304603577,78,0.5740628838539124,0.5964239835739136,0.6831461191177368,0.7003291845321655
Decatur,2040,-0.9764728546142578,0.023202501237392426,0.016896888613700867,36,0.46672970056533813,0.49033021926879883,0.5473737120628357,0.5703765749931335
"Decatur,AL",2030,-0.9929224848747253,0.027200574055314064,0.22434425354003906,38,0.600536048412323,0.6168620586395264,0.6772857904434204,0.6899749040603638
Denver,2080,0.9676144123077393,0.08073122054338455,0.3245110809803009,624,0.32823535799980164,0.36062270402908325,0.38850319385528564,0.4153669774532318
Des Moines,2120,-0.8767498731613159,0.029607445001602173,0.07234485447406769,104,0.4567236006259918,0.48082810640335083,0.5082283616065979,0.5293740034103394
Detroit,2160,0.06268098205327988,0.16647106409072876,0.044652264565229416,1399,0.3052644431591034,0.3373132646083832,0.42918112874031067,0.4540513753890991
"Dothan,AL",2180,-1.260121464729309,0.014227527193725109,0.10534056276082993,41,0.5975950956344604,0.6111368536949158,0.6361300945281982,0.6464210748672485
"Dover-Rochester,NH",6450,1.4054032564163208,0.031797245144844055,0.2121707648038864,98,0.46428072452545166,0.5169903635978699,0.5476831793785095,0.5830273032188416
Dubuque,2200,-0.9049379229545593,0.012959485873579979,0.34231576323509216,40,0.5221630930900574,0.5525035858154297,0.5644251704216003,0.5880551338195801
Duluth,2240,-0.3814164102077484,0.01096596010029316,0.3273489475250244,83,0.5003743767738342,0.5733877420425415,0.5682830214500427,0.6268048286437988
Eau Claire,2290,0,0.013295886106789112,0.23256446421146393,32,0.5630530714988708,0.5824459791183472,0.6066640019416809,0.6236676573753357
El Paso,2320,0.7396665811538696,0.0236757043749094,0.04526196047663689,126,0.3112712800502777,0.37362661957740784,0.400992214679718,0.4588354825973511
Elkhart,7800,-1.2084280252456665,0.04355892166495323,0.10024192184209824,109,0.5115136504173279,0.5691279172897339,0.6128771305084229,0.6583186388015747
Elmira,2335,-0.769753634929657,0.0109249297529459,0.5693877339363098,23,0.570774257183075,0.5825600624084473,0.6339353919029236,0.6419165730476379
Enid,2340,-0.4696325659751892,0.010045998729765415,0.015003165230154991,11,0.6620394587516785,0.6779450178146362,0.7462326288223267,0.7587172985076904
Erie,2360,-0.7341532111167908,0.013896266929805279,0.05842909216880798,72,0.31367769837379456,0.36068373918533325,0.37729763984680176,0.4156690239906311
Eugene,2400,0.3431185185909271,0.01883954554796219,0.5565673112869263,78,0.4708154797554016,0.5124971270561218,0.5456266403198242,0.5778030157089233
Evansville,2440,-1.1978864669799805,0.019878288730978966,0.07151545584201813,69,0.5612988471984863,0.5861467123031616,0.6166477203369141,0.6368251442909241
Fargo,2520,-1.270755648612976,0.0136714493855834,0.044185295701026917,40,0.6296454071998596,0.6548436880111694,0.7197892665863037,0.7398676872253418
Fayetteville,2560,-0.4595660865306854,0.024628331884741783,0.21993418037891388,65,0.5782856345176697,0.5950487852096558,0.6285513043403625,0.6443203091621399
Fayetteville,2580,-0.4120241403579712,0.016734939068555832,0.46737098693847656,60,0.5221526026725769,0.5399796366691589,0.5835490226745605,0.5958632826805115
Fitchburg,2600,2.1944236755371094,0.074577435851097107,0.2945847511291504,50,0.33386537432670593,0.4033930003643036,0.40095484256744385,0.4538140892982483
Flint,2640,-0.3321203589439392,0.05032029002904892,0.12713053822517395,131,0.5371890068054199,0.5657880902290344,0.6364418864250183,0.6615381836891174
Florence,2650,0,0.013354632072150707,0.3177019953727722,31,0.5902666449546814,0.6022008061408997,0.6331502199172974,0.6441112756729126
Florence,2655,-0.42798590660095215,0.015111549757421017,0.36963212490081787,29,0.8153188228607178,0.8293665647506714,0.8926939964294434,0.9033387899398804
Fort Collins,3060,0.8217009902000427,0.01898275688290596,0.16320201754570007,93,0.4975033700466156,0.5397807359695435,0.5783883333206177,0.6112863421440125
Fort Lauderdale,2680,0.7197670340538025,0.09479576349258423,0.3171945810317993,279,0.40734297037124634,0.42233866453170776,0.5320841073989868,0.5433473587036133
Fort Myers,2700,-0.1493862122297287,0.04378781095147133,0.2625955045223236,117,0.5356705188751221,0.5564934015274048,0.6534711122512817,0.6677306890487671
Fort Smith,2720,-1.0239571332931519,0.015265247784554958,0.3007796108722687,40,0.5891007781028748,0.608617901802063,0.6333610415458679,0.6500218510627747
Fort Wayne,2760,-0.8385852575302124,0.028948526829481125,0.028038958087563515,90,0.6139160990715027,0.6301738619804382,0.703665554523468,0.7181688547134399
"FortPierce,FL",2710,0,0.025208082050085068,0.22229821979999542,36,0.5356833934783936,0.5503168106079102,0.664617121219635,0.6740543842315674
"FortWaltonBeach,FL",2750,-0.03861510381102562,0.016570208594202995,0.08989089727401733,39,0.5860288143157959,0.5964961647987366,0.6670206189155579,0.6764103174209595
Fresno,2840,1.1067970991134644,0.035887349396944046,0.15594841539859772,159,0.5099709033966064,0.5558494329452515,0.6139163970947266,0.6501287221908569
Gadsden,2880,-0.5143112540245056,0.022233208641409874,0.28474029898643494,28,0.5284113883972168,0.5455130934715271,0.5805569887161255,0.594977855682373
Gainesville,2900,0.07176815718412399,0.015473444946110249,0.17015893757343292,43,0.733962893486023,0.7416785359382629,0.7986177206039429,0.8062188625335693
Gary,2960,-0.6946079134941101,0.1216026097536087,0.044128742069005966,166,0.5222584009170532,0.5605936646461487,0.6242271661758423,0.6524776220321655
"GlensFalls,NY",2975,0,0.015016741119325161,0.5771326422691345,33,0.6021571159362793,0.6168716549873352,0.6469906568527222,0.6579834222793579
"Goldsboro,NC",2980,-0.4236501157283783,0.017410490661859512,0.2054121494293213,21,0.7610087394714355,0.7689944505691528,0.8474048376083374,0.8534302115440369
Grand Forks,2985,0,0.010576554574072361,0.03571399673819542,27,0.7623538374900818,0.7820649743080139,0.8398022651672363,0.8555368781089783
Grand Rapids,3000,-0.10959985107183456,0.0550447516143322,0.12201515585184097,161,0.34756040573120117,0.39348793029785156,0.4428708553314209,0.47853049635887146
Great Falls,3040,-0.009991539642214775,0.006443179678171873,0.3617936372756958,23,0.4871000051498413,0.5234166979789734,0.5461673140525818,0.5734694004058838
Green Bay,3080,0.5995091199874878,0.03147720545530319,0.12075591087341309,50,0.4808385670185089,0.502416729927063,0.5713161826133728,0.5893902778625488
Greensboro,3120,-0.23239891231060028,0.05195941776037216,0.07181627303361893,221,0.3536345958709717,0.39043867588043213,0.42228052020072937,0.44877001643180847
Greenville,3160,-0.9056111574172974,0.04574703425168991,0.23408013582229614,91,0.4340429902076721,0.4464939832687378,0.4809071123600006,0.4908495843410492
Hagerstown,3180,0.33264943957328796,0.029027655720710754,0.3275138735771179,32,0.5272714495658875,0.5634769201278687,0.5670605897903442,0.5962753891944885
Harrisburg,3240,0.503768265247345,0.049548208713531494,0.3554278612136841,111,0.39132654666900635,0.4366282522678375,0.4507763981819153,0.4856087267398834
Hartford,9004,0.4486112892627716,0.07567084580659866,0.31224194169044495,261,0.28003373742103577,0.32544636726379395,0.3511527180671692,0.3874254524707794
"Hattiesburg, MS",3285,0,0.01352484617382288,0.12809555232524872,23,0.5755212903022766,0.5975341200828552,0.6178826689720154,0.6357395648956299
"Hickory-Morganton,NC",3290,-0.5593679547309875,0.029635488986968994,0.3546699583530426,69,0.5378648638725281,0.5519709587097168,0.579639732837677,0.5897606611251831
"Hopkinsville, KY",1661,0,0.011870218440890312,0.21755526959896088,15,0.6269700527191162,0.6433999538421631,0.6811574101448059,0.6914562582969666
"Houma-Thibodaux,LA",3350,0,0.015974361449480057,0.8248694539070129,42,0.764819860458374,0.7861869931221008,0.8530053496360779,0.8690729737281799
Houston,3360,-0.2730966806411743,0.17993925511837006,0.11793842911720276,886,0.3917641043663025,0.43945205211639404,0.5194762349128723,0.5553522109985352
"Huntington-Ashland,WV-OH Part",3400,-1.2046234607696533,0.026289623230695724,0.6567058563232422,75,0.4468655288219452,0.4891601800918579,0.4998060464859009,0.5310689806938171
Huntsville,3440,-1.2286460399627686,0.026707390323281288,0.273286372423172,87,0.5820934176445007,0.59332674741745,0.629779577255249,0.6392050385475159
Iowa City,3500,-0.8486678600311279,0.02487054467201233,0.07573622465133667,22,0.38639235496520996,0.4334147274494171,0.44311386346817017,0.4850165843963623
Jackson,3520,0,0.02797446958720684,0.17432408034801483,37,0.5312241315841675,0.5654626488685608,0.6113930344581604,0.64129239320755
Jackson,3560,-0.6815981268882751,0.023224545642733574,0.1618529111146927,104,0.598019540309906,0.616409420967102,0.6469703316688538,0.66419917345047
"Jackson,TN",3580,-1.1300251483917236,0.013476036489009857,0.14114931225776672,27,0.5121252536773682,0.5202996730804443,0.5642210841178894,0.5703444480895996
"Jacksonville,NC",3605,0,0.010555320419371128,0.24179644882678986,26,0.7880876064300537,0.8013230562210083,0.8805955648422241,0.8893057703971863
Janesville,3620,-0.27437758445739746,0.03639798238873482,0.08032819628715515,36,0.4667701721191406,0.5066397786140442,0.5601698160171509,0.588161289691925
Jersey City,34002,0.3710774779319763,0.21714730560779572,0.17977161705493927,3483,-0.06808463484048843,0.007732468191534281,0.0516737699508667,0.1167331412434578
Johnstown,3680,0.4032513201236725,0.019611433148384094,0.4825618863105774,48,0.5480876564979553,0.5791832804679871,0.581580638885498,0.6057389974594116
"Joplin,MO",3710,-1.3735105991363525,0.017962193116545677,0.06798215210437775,32,0.5914027690887451,0.6085165143013,0.6425783634185791,0.6555812358856201
Kalamazoo,3720,-0.6964071393013,0.03008422628045082,0.15539899468421936,60,0.4949803948402405,0.51591956615448,0.5695972442626953,0.5893215537071228
"Kankakee,IL",3740,0.0011251340620219707,0.03963232785463333,0.0280282162129879,26,0.6844649910926819,0.7135440707206726,0.7718216180801392,0.7978914976119995
Kansas City,3760,-0.7091997265815735,0.08321966975927353,0.09389416873455048,499,0.35596388578414917,0.3872164189815521,0.4073638916015625,0.4330666959285736
Killeen,3810,-1.0044735670089722,0.017247388139367104,0.03586896136403084,58,0.4319398105144501,0.47777411341667175,0.49894294142723083,0.5320019125938416
Kingsport,3660,-0.9859498739242554,0.024735424667596817,0.6612402200698853,105,0.5242663621902466,0.5519654154777527,0.5687438249588013,0.5890331864356995
Knoxville,3840,-0.02764316089451313,0.03991490975022316,0.5808954238891602,102,0.3825506269931793,0.40953341126441956,0.43728724122047424,0.458819717168808
Kokomo,3850,-0.9559682607650757,0.020828459411859512,0.011068266816437244,20,0.612250030040741,0.6342895030975342,0.7112566232681274,0.7294984459877014
La Crosse,3870,0.4971797466278076,0.015402351506054401,0.4988116919994354,25,0.35321977734565735,0.38069701194763184,0.4450263977050781,0.4658563733100891
Lafayette,3880,0,0.028325967490673065,0.3191274106502533,41,0.6676027774810791,0.6746237874031067,0.7685117125511169,0.7746737599372864
Lafayette,3920,-1.5558534860610962,0.018830813467502594,0.008577949367463589,37,0.41049349308013916,0.4550378620624542,0.4901483356952667,0.5316824913024902
Lake Charles,3960,-1.0366175174713135,0.021545730531215668,0.49926647543907166,41,0.6691127419471741,0.6844191551208496,0.766273558139801,0.7787760496139526
Lakeland,3980,0.2584477365016937,0.05257141590118408,0.3723791539669037,110,0.7058231234550476,0.7275335788726807,0.7814387679100037,0.8007411360740662
Lancaster,4000,0.2831994891166687,0.05361810699105263,0.2537050247192383,94,0.371938019990921,0.4214358329772949,0.43904227018356323,0.47709229588508606
Lansing,4040,0.1310899555683136,0.031538307666778564,0.12910941243171692,117,0.5902632474899292,0.6165235042572021,0.6814815402030945,0.7032842040061951
Laredo,4080,0,0.01585354655981064,0.02278091572225094,32,0.22537629306316376,0.26766830682754517,0.3153892755508423,0.35331758856773376
Las Cruces,4100,0,0.0061286925338208675,0.14819753170013428,32,0.5937955379486084,0.6490615606307983,0.6553323864936829,0.7042301893234253
Las Vegas,4120,-0.6305338144302368,0.03239881247282028,0.42202726006507874,345,0.1771651804447174,0.22734113037586212,0.26638132333755493,0.30964359641075134
Lawrence,4160,2.55025315284729,0.12165378779172897,0.1831207126379013,103,0.12076916545629501,0.19903050363063812,0.22243273258209229,0.2830846607685089
"Lawrence,KS",4150,-0.5781117081642151,0.0448177270591259,0.08978068083524704,22,0.4572865664958954,0.4713935852050781,0.5052233934402466,0.5184898972511292
Lawton,4200,0,0.012330585159361362,0.048178933560848236,29,0.48039188981056213,0.5086991190910339,0.5621309280395508,0.585262656211853
Lewiston,4240,1.0395439863204956,0.023805754259228706,0.30095404386520386,29,0.44431644678115845,0.5120254158973694,0.49258166551589966,0.546565592288971
Lexington-Fayette,4280,0.23425601422786713,0.025593796744942665,0.3240768313407898,69,0.3346426486968994,0.355222225189209,0.39051011204719543,0.4073619842529297
Lima,4320,-0.9404061436653137,0.021538978442549706,0.015746189281344414,34,0.63924640417099,0.6752623915672302,0.7217087149620056,0.7560185194015503
Lincoln,4360,0.7611753940582275,0.019614987075328827,0.025643274188041687,59,0.26334401965141296,0.27912211418151855,0.33427441120147705,0.3485041558742523
Little Rock,4400,-0.8334928154945374,0.03188822418451309,0.1817636489868164,152,0.5340608358383179,0.5710592865943909,0.5863669514656067,0.619543731212616
Long Branch,34003,1.4965707063674927,0.12175515294075012,0.0875433012843132,229,0.3873448967933655,0.4249204993247986,0.5002509355545044,0.5248838663101196
Longview,4420,-1.103275179862976,0.028938312083482742,0.1449648141860962,51,0.513411819934845,0.53388911485672,0.5600177645683289,0.5775930285453796
"Longview,WA",4415,0,0.018994111567735672,0.6710006594657898,23,0.4830133318901062,0.5048027634620667,0.5502644181251526,0.564907968044281
Los Angeles,4480,0.5421745181083679,0.24312230944633484,0.3427847921848297,3402,0.18126332759857178,0.23504291474819183,0.272756963968277,0.31664392352104187
Louisville,4520,-0.2420101761817932,0.04017848148941994,0.19104373455047607,230,0.4352133870124817,0.451662540435791,0.5144718289375305,0.527158260345459
Lowell,4560,2.006700277328491,0.1334506720304489,0.2278568297624588,63,0.1618344783782959,0.22018155455589294,0.24443849921226501,0.29343926906585693
Lubbock,4600,-0.7404838800430298,0.016234055161476135,0.006722761318087578,61,0.5483546853065491,0.5687065720558167,0.6601788401603699,0.6759006977081299
Lynchburg,4640,-0.8332147002220154,0.01582895591855049,0.4289296865463257,54,0.5765904188156128,0.5951939821243286,0.6089231371879578,0.6226970553398132
Macon,4680,-0.8393948078155518,0.018831145018339157,0.1518658995628357,70,0.549789547920227,0.5662440657615662,0.593403697013855,0.6061940789222717
Madison,4720,0.3827478885650635,0.026097411289811134,0.20861519873142242,91,0.3786154091358185,0.41197651624679565,0.4466087818145752,0.47516125440597534
Manchester,4760,1.3982810974121094,0.061530664563179016,0.2978334426879883,54,0.21508121490478516,0.3040371537208557,0.28895050287246704,0.35984718799591064
Mansfield,4800,-0.8995200395584106,0.020839938893914223,0.088695526123046875,32,0.506838858127594,0.5311877131462097,0.5586888194084167,0.5803138613700867
McAllen,4880,-0.4633740186691284,0.03261124715209007,0.013401024043560028,80,0.6694886684417725,0.6970872282981873,0.7692083716392517,0.7909099459648132
Medford,4890,0.8481884598731995,0.012618440203368664,0.6825265288352966,36,0.5363036394119263,0.5631241202354431,0.5895134210586548,0.6096648573875427
Memphis,4920,0.9950388073921204,0.051845353096723557,0.13481859862804413,232,0.34246814250946045,0.3778291642665863,0.44496163725852966,0.47368770837783813
"Merced,CA",4940,0.630153238773346,0.015772055834531784,0.16581536829471588,47,0.7211722135543823,0.7500072121620178,0.8140974044799805,0.8355833292007446
Meriden,9005,0.39098238945007324,0.08276008814573288,0.26648426055908203,229,0.18406973779201508,0.25403550267219543,0.2777286767959595,0.3276549279689789
"MesaCounty,CO",2995,0.4686405658721924,0.008887498639523983,0.4497112035751343,28,0.5030158758163452,0.5193814635276794,0.5641345977783203,0.5768352150917053
Miami,5000,0.9852035045623779,0.08055154979228973,0.06434556841850281,346,0.41594770550727844,0.44283804297447205,0.5341013073921204,0.5549005270004272
Milwaukee,5080,0.5143735408782959,0.06709232181310654,0.06934306770563126,498,0.31306275725364685,0.3610914647579193,0.4052250385284424,0.44431695342063904
Minneapolis,5120,0.3974171578884125,0.10648423433303833,0.1352713704109192,730,0.38490140438079834,0.4164332151412964,0.45766010880470276,0.4868244230747223
"Missoula,MT",5140,0,0.006623509339988232,0.7106868624687195,19,0.5222266912460327,0.5460628271102905,0.5841395854949951,0.5996258854866028
Mobile,5160,-0.9859522581100464,0.019849086180329323,0.2152528166770935,137,0.6515828967094421,0.6626353859901428,0.7122611403465271,0.7230108380317688
Modesto,5170,0.26512637734413147,0.040641121566295624,0.21929118037223816,90,0.5291360020637512,0.5642331838607788,0.6260114312171936,0.654129683971405
Monroe,5200,-0.8733292818069458,0.017030643299221992,0.18395623564720154,41,0.5988155007362366,0.621860682964325,0.6908660531044006,0.7118593454360962
Montgomery,5240,-0.9917550086975098,0.01725928671658039,0.19597110152244568,78,0.5395124554634094,0.5633845925331116,0.5893813371658325,0.6113210320472717
Muncie,5280,0,0.022708212956786156,0.007575890049338341,31,0.5337529182434082,0.5504493117332458,0.6130423545837402,0.6289935111999512
Muskegon,5320,-0.5222110748291016,0.025501910597085953,0.08747855573892593,44,0.5863726735115051,0.6057769060134888,0.6765277981758118,0.6919652223587036
"Naples,FL",5345,0.2593272924423218,0.024426674470305443,0.11760050058364868,52,0.5914819240570068,0.6050574779510498,0.6935300230979919,0.7041163444519043
Nashua,5350,1.714856743812561,0.10011263936758041,0.2580471634864807,37,0.2930445075035095,0.34053537249565125,0.35925352573394775,0.39818075299263
New Bedford,5400,1.8919966220855713,0.07141602784395218,0.1231808215379715,127,0.09026587009429932,0.22883974015712738,0.2198006510734558,0.3289321959018707
New Britain,9006,0.19095423817634583,0.08135546743869781,0.3007739782333374,274,0.10862450301647186,0.18439732491970062,0.2171579748392105,0.2697739005088806
New Brunswick,34004,1.1576563119888306,0.15164814889431,0.19764453172683716,441,0.4172946512699127,0.4659624397754669,0.4850562512874603,0.5245677828788757
New Haven,5480,0.0012803503777831793,0.08001828193664551,0.18624010682106018,126,0.16315169632434845,0.2234792560338974,0.25714564323425293,0.29816365242004395
New Haven,9007,0.27445414662361145,0.08001828193664551,0.18624010682106018,177,0.18050742149353027,0.25464150309562683,0.2764017581939697,0.3261697292327881
New Orleans,5560,-1.1765031814575195,0.04141717776656151,0.40809813141822815,377,0.46646934747695923,0.4898282587528229,0.5763768553733826,0.5948400497436523
New York,5600,0.8171387314796448,0.21791481971740723,0.14971567690372467,5232,0.04252328351140022,0.14265945553779602,0.1563185751438141,0.23735830187797546
Newark,34005,0.27618369460105896,0.20676468312740326,0.20229889452457428,2085,-0.4054829776287079,-0.27034029364585876,-0.20805083215236664,-0.11592328548431396
Norfolk,5720,0.12737056612968445,0.044682927429676056,0.23923702538013458,364,0.6130303740501404,0.6316224932670593,0.7069394588470459,0.7216562628746033
Norwalk,9008,0.06139610335230827,0.13507403433322906,0.21516765654087067,159,-0.1542310118675232,0.034775510430336,0.01795698143541813,0.13945342600345612
Norwich,9009,0.5835888385772705,0.036274272948503494,0.1932276487350464,100,0.42628034949302673,0.4747896194458008,0.4892209768295288,0.524279773235321
Ocala,5790,0,0.026964057236909866,0.17913992702960968,46,0.7423359155654907,0.7542633414268494,0.814064085483551,0.8237047791481018
Odessa,5040,0,0.011532027274370193,0.00453906087204814,56,0.5320267677307129,0.5847955346107483,0.6605401635169983,0.6963422894477844
Oklahoma City,5880,-0.4920644760131836,0.04563136771321297,0.020124759525060654,327,0.43564876914024353,0.46603038907051086,0.509829580783844,0.5350223779678345
Olympia,5910,0.5400940775871277,0.04886869713664055,0.3130941092967987,35,0.5338647365570068,0.5551027059555054,0.588300883769989,0.6063265800476074
Omaha,5920,-0.5122858881950378,0.04069904610514641,0.15440747141838074,211,0.24572575092315674,0.2855982482433319,0.3091752827167511,0.342929482460022
"OrangeCounty,NY",5950,0.15447717905044556,0.06259965896606445,0.45420607924461365,70,0.40178796648979187,0.4670712649822235,0.47602057456970215,0.5199921131134033
Orlando,5960,0.2971876263618469,0.0651092603802681,0.40993061661720276,296,0.5973466634750366,0.6086546182632446,0.6884676218032837,0.6988934874534607
Owensboro,5990,0,0.017878249287605286,0.18352974951267242,23,0.5933710932731628,0.6097266674041748,0.6659237742424011,0.6808009743690491
Panama City,6015,0,0.012577041983604431,0.22857806086540222,29,0.608863353729248,0.6273767352104187,0.7146393060684204,0.7272989153862
Parkersburg,6020,-0.6504716873168945,0.015191338956356049,0.6668480038642883,43,0.4673076272010803,0.49498170614242554,0.5112143158912659,0.5331175923347473
Paterson,34006,0.7107660174369812,0.18696218729019165,0.3132689297199249,1733,-0.016476264223456383,0.12424936890602112,0.09732836484909058,0.20388856530189514
Pensacola,6080,-0.8569117784500122,0.02106468565762043,0.11185991019010544,77,0.5787815451622009,0.5910106301307678,0.6319922804832458,0.6441443562507629
Peoria,6120,-0.38559895753860474,0.030656810849905014,0.06463367491960526,87,0.44473835825920105,0.4946455657482147,0.5063841342926025,0.5498964786529541
Philadelphia,6160,1.1682456731796265,0.13637924194335938,0.17550726234912872,1380,0.24147459864616394,0.30746981501579285,0.3389829397201538,0.3901292085647583
Phoenix,6200,0.6180145144462585,0.11000370234251022,0.09085991978645325,696,0.46775704622268677,0.492623507976532,0.5639641284942627,0.5835824012756348
Pine Bluff,6240,-1.7647055387496948,0.014900658279657364,0.2058573067188263,26,0.620166540145874,0.638161838054657,0.7164161205291748,0.7316486239433289
Pittsburgh,6280,0.10659925639629364,0.08312495052814484,0.6027708053588867,752,0.3011679947376251,0.37450098991394043,0.36496293544769287,0.4207662045955658
Pittsfield,6320,0.4205681085586548,0.021384166553616524,0.5665971636772156,41,0.4301014840602875,0.4949365258216858,0.4932411313056946,0.5391079783439636
"Pocatello,ID",6340,-0.5609773993492126,0.0078964214771986,0.44328105449676514,22,0.5336471199989319,0.5603620409965515,0.5857236981391907,0.6057991981506348
Portland,6400,1.214208960533142,0.022339865565299988,0.13217997550964355,74,0.4282146990299225,0.4994790256023407,0.49149635434150696,0.5487925410270691
Portland,6440,0.2508828639984131,0.08474799245595932,0.4540649354457855,516,0.29464414715766907,0.35057365894317627,0.36528095602989197,0.4111863076686859
Poughkeepsie,6460,0.3554389476776123,0.03216591477394104,0.4571637511253357,66,0.4496209919452667,0.4813031852245331,0.5039258003234863,0.5289583206176758
Providence,6480,1.4990476369857788,0.1005440503358841,0.1991541087627411,722,0.11597609519958496,0.22893637418746948,0.22322802245616913,0.30617421865463257
Provo,6520,0.21691468358039856,0.031380705535411835,0.6282188892364502,85,0.3724384009838104,0.41879522800445557,0.44294485449790955,0.4804740250110626
Pueblo,6560,0,0.01232852227985859,0.1390097290277481,51,0.3395121991634369,0.3726770579814911,0.4051477909088135,0.4338107705116272
Raleigh,6640,0.5685340166091919,0.03956053406000137,0.10549471527338028,219,0.5370886921882629,0.5578563809394836,0.5787352919578552,0.5948256254196167
"RapidCity,SD",6660,-0.7351066470146179,0.004473136737942696,0.3139057159423828,20,0.47780507802963257,0.5200074911117554,0.5137166380882263,0.5486685037612915
Reading,6680,0.5150377154350281,0.05901597812771797,0.2847042679786682,82,0.26795515418052673,0.370724618434906,0.34181004762649536,0.4216366708278656
Redding,6690,0.02567869983613491,0.009251795709133148,0.558688223361969,33,0.6546429395675659,0.6767674684524536,0.68284672498703,0.7010561227798462
Reno,6720,-0.348293662071228,0.011387687176465988,0.47350093722343445,68,0.35358351469039917,0.40016958117485046,0.42068344354629517,0.4565252363681793
Richland,6740,0.7886852025985718,0.018461553379893303,0.12688001990318298,48,0.4428544044494629,0.4903276562690735,0.5317333936691284,0.5617876648902893
Richmond,6760,-0.3816751539707184,0.0315321609377861,0.15170398354530334,248,0.5221099853515625,0.5469445586204529,0.5723263025283813,0.5920024514198303
Roanoke,6800,-0.5388322472572327,0.023435993120074272,0.6492061018943787,58,0.3984987437725067,0.4284071922302246,0.4442391097545624,0.469046950340271
Rochester,6820,0,0.01525941863656044,0.11987651884555817,34,0.44457560777664185,0.46370160579681396,0.5035329461097717,0.5178136229515076
Rochester,6840,-0.00426674447953701,0.027863916009664536,0.1209249272942543,244,0.548163652420044,0.5825083255767822,0.6112008690834045,0.6387013792991638
Rockford,6880,-0.43720564246177673,0.037793032824993134,0.02079058066010475,118,0.39026740193367004,0.4392475187778473,0.4740281403064728,0.5133435130119324
"Rome,GA",6900,0,0.020148135721683502,0.3165290951728821,20,0.5124959349632263,0.5262980461120605,0.5686261653900146,0.5790947675704956
Sacramento,6920,0.41219890117645264,0.05809373781085014,0.14046892523765564,434,0.4752280116081238,0.504389226436615,0.5630061626434326,0.5864274501800537
Saginaw,6960,-0.12466725707054138,0.03992565721273422,0.08989879488945007,83,0.6440190672874451,0.6909505128860474,0.7466496229171753,0.7826888561248779
Salinas,7120,0.37185442447662354,0.02773202396929264,0.3000272214412689,145,0.2865169942378998,0.37128692865371704,0.37017711997032166,0.43607279658317566
Salt Lake Ciel,7160,-0.0020258277654647827,0.05620437115430832,0.3931407034397125,284,0.14890655875205994,0.19714996218681335,0.24712583422660828,0.28521108627319336
San Angelo,7200,0,0.009668823331594467,0.020699787884950638,23,0.5465695858001709,0.5801356434822083,0.6201503872871399,0.6493858098983765
San Antonio,7240,-0.34943529963493347,0.058568887412548065,0.07704777270555496,308,0.3650168180465698,0.3934175670146942,0.42901375889778137,0.45432519912719727
San Diego,7320,0.38558587431907654,0.07916200160980225,0.23364567756652832,605,0.01908181607723236,0.07387189567089081,0.11489342153072357,0.1566518247127533
San Francisco,7360,0.7618419528007507,0.10769110918045044,0.3276757001876831,1408,0.07054107636213303,0.1394771933555603,0.1871766299009323,0.243488147854805
Santa Barbara,7480,0.8687829375267029,0.01124967634677887,0.47804635763168335,86,0.2781473398208618,0.34054553508758545,0.3879612386226654,0.42480987310409546
"SantaFe,NM",7490,-0.10346437990665436,0.004372945986688137,0.47197556495666504,40,0.6206464767456055,0.6370431780815125,0.6472671031951904,0.6594388484954834
Sarasota,7510,1.0065699815750122,0.0377282053232193,0.16713695228099823,143,0.43124136328697205,0.45558056235313416,0.5592067241668701,0.5763881802558899
Savannah,7520,-0.5713058114051819,0.01668880507349968,0.3861490488052368,78,0.7716724276542664,0.7848281264305115,0.8552911281585693,0.866269052028656
Scranton,7560,0.5294834971427917,0.024622023105621338,0.4604651927947998,61,0.25260600447654724,0.3115614354610443,0.3188934028148651,0.3668302893638611
Seattle,7600,1.0439239740371704,0.10936478525400162,0.22297978401184082,716,0.17668966948986053,0.23106954991817474,0.2580861449241638,0.30080103874206543
"Sharon, PA",7610,-0.2186635434627533,0.04032522812485695,0.10738102346658707,34,0.42757734656333923,0.4631890654563904,0.4874013066291809,0.5137549638748169
Sheboygan,7620,0,0.014562427066266537,0.06963422894477844,24,0.47226420044898987,0.509881854057312,0.5458855628967285,0.5794796943664551
Sherman,7640,-1.009771466255188,0.015919018536806107,0.06926926225423813,26,0.5217925310134888,0.5374559760093689,0.5828306078910828,0.5938823819160461
Shreveport,7680,0,0.028084054589271545,0.1794901192188263,83,0.5478371381759644,0.581960916519165,0.6233694553375244,0.6548216938972473
Sioux City,7720,-1.117300271987915,0.013817491941154003,0.17347568273544312,34,0.5341162085533142,0.5785202383995056,0.5787772536277771,0.6189656853675842
Sioux Falls,7760,-0.9833638668060303,0.013926810584962368,0.027075279504060745,33,0.5062487125396729,0.5434806942939758,0.5582846403121948,0.5928031802177429
"Spartanburg,SC",3161,-0.9418395161628723,0.03898604214191437,0.16916431486606598,51,0.5278105735778809,0.5386112928390503,0.5693538188934326,0.5766805410385132
Spokane,7840,0.5892711281776428,0.029054569080471992,0.27318868041038513,116,0.4038245975971222,0.44674259424209595,0.4648681879043579,0.4978618025779724
Springfield,7880,0,0.026066847145557404,0.018000509589910507,53,0.520885705947876,0.550546407699585,0.6144440174102783,0.6396274566650391
Springfield,7920,-0.7454297542572021,0.024543650448322296,0.16357707977294922,78,0.426847368478775,0.45036616921424866,0.48931998014450073,0.5082229971885681
Springfield,8000,0.7670113444328308,0.05566325783729553,0.384286493062973,124,0.37541481852531433,0.41314300894737244,0.437222421169281,0.46761173009872437
St Joseph,7000,-1.507272720336914,0.015139251947402954,0.1322905719280243,33,0.42649346590042114,0.4584299921989441,0.4725313186645508,0.500900387763977
St Louis,7040,-0.737469494342804,0.1029595360159874,0.16922947764396667,506,0.317141592502594,0.3574618399143219,0.38193821907043457,0.4171713888645172
St. Cloud,6980,0.12565171718597412,0.02006121538579464,0.10959869623184204,43,0.6438168287277222,0.6831253170967102,0.7184439897537231,0.7503342032432556
Stamford,9010,-0.05451783537864685,0.17220696806907654,0.201145738363266,92,0.14344927668571472,0.207736074924469,0.23473158478736877,0.2838813066482544
State College,8050,0.7171202898025513,0.013699580915272236,0.5291962027549744,29,0.49757882952690125,0.5406342148780823,0.538856029510498,0.5719444751739502
Steubenville,8080,-0.5194065570831299,0.04005112871527672,0.6182263493537903,39,0.4523872137069702,0.4826345443725586,0.5033323168754578,0.5255897641181946
Stockton,8120,0.6224374771118164,0.04453941434621811,0.22131800651550293,121,0.330931156873703,0.3830173909664154,0.47297942638397217,0.5105008482933044
Syracuse,8160,-0.5270470976829529,0.023897655308246613,0.3023717403411865,189,0.4538647532463074,0.5216109752655029,0.5176499485969543,0.5744529962539673
Tallahassee,8240,0,0.012939129024744034,0.32012543082237244,48,0.5182055830955505,0.5262337923049927,0.5637624263763428,0.571074366569519
Tampa,8280,-0.2634882628917694,0.09431180357933044,0.242015078663826,522,0.3607891798019409,0.4007679522037506,0.4996365010738373,0.5271903872489929
Terre Haute,8320,0,0.014947762712836266,0.04250866919755936,30,0.6298984289169312,0.6390438675880432,0.7050736546516418,0.7129580974578857
Texarkana,8360,-0.7725666761398315,0.017768552526831627,0.1297014057636261,26,0.5269168019294739,0.5608977675437927,0.57574063539505,0.6093873381614685
Titusville,4900,0.5308100581169128,0.02579304575920105,0.26165780425071716,92,0.4203471541404724,0.46062609553337097,0.5601478219032288,0.5886151194572449
Toledo,8400,-0.486219584941864,0.04341015964746475,0.03353315591812134,245,0.5964052081108093,0.644978940486908,0.6962080001831055,0.7331725358963013
Topeka,8440,-0.9388170838356018,0.01882159151136875,0.07054747641086578,41,0.3884093761444092,0.4114871919155121,0.45255613327026367,0.472430020570755
Trenton,34007,0.8970241546630859,0.1243257224559784,0.18224482238292694,1678,0.14388906955718994,0.2579672038555145,0.2693432867527008,0.34965214133262634
Tucson,8520,1.5739737749099731,0.030446136370301247,0.2427072823047638,198,0.5777536034584045,0.60052889585495,0.6307357549667358,0.6501279473304749
Tulsa,8560,-0.7973219156265259,0.039147671312093735,0.08610710501670837,250,0.47010478377342224,0.5123529434204102,0.5285957455635071,0.5639327168464661
Tuscaloosa,8600,0,0.01121077872812748,0.3893110752105713,46,0.55319744348526,0.5662364959716797,0.5956197381019592,0.6058859825134277
Tyler,8640,0.15592432022094727,0.029356574639678,0.18138034641742706,36,0.33740127086639404,0.36367297172546387,0.4001489281654358,0.42346885800361633
Utica,8680,-0.7492443323135376,0.009963251650333405,0.36052075028419495,92,0.5322354435920715,0.5614321827888489,0.5828633308410645,0.6070556640625
Victoria,8750,0,0.009486347436904907,0.07374688982963562,21,0.6245673894882202,0.6457327604293823,0.72666168212890625,0.7443942427635193
Visalia,8780,0.50380539894104,0.023038141429424286,0.01933654583990574,78,0.5947825312614441,0.6546241641044617,0.6964772343635559,0.7425275444984436
Waco,8800,0,0.014684908092021942,0.05386943370103836,51,0.515876293182373,0.5523996353149414,0.5811750292778015,0.6144689917564392
Washington,8840,0.7116162776947021,0.11513698101043701,0.13539749383926392,1740,0.30004608631134033,0.3818909525871277,0.37754544615745544,0.43557775020599365
Waterbury,9011,0.3491269648075104,0.08507172763347626,0.3671766221523285,171,0.30354490876197815,0.362731397151947,0.37345266342163086,0.4168398380279541
Waterloo,8920,-0.8396052718162537,0.018530063331127167,0.039327364414930344,37,0.491836279630661,0.51891326904296875,0.5599432587623596,0.584404468536377
Wausau,8940,0.18179897964000702,0.012100105173885822,0.1552390605211258,27,0.6619332432746887,0.6787328124046326,0.7092691659927368,0.7225431203842163
West Palm Beach,8960,0.3201596438884735,0.05181669816374779,0.2748304307460785,265,0.4739971160888672,0.49148932099342346,0.5929274559020996,0.6058880090713501
Wheeling,9000,-1.3932570219039917,0.019839677959680557,0.6644550561904907,49,0.4930524528026581,0.5278084874153137,0.5383140444755554,0.5649836659431458
Wichita,9040,-1.2226248979568481,0.0315888375043869,0.026412781327962875,131,0.47213277220726013,0.5000718832015991,0.5435404181480408,0.567907989025116
Wichita Falls,9080,-0.6146093606948853,0.01363698486238718,0.01923375017940998,42,0.636128306388855,0.6632856726646423,0.721436619758606,0.7428780794143677
Williamsport,9140,0,0.012878518551588058,0.5485754013061523,27,0.5629554986953735,0.5823846459388733,0.6006845235824585,0.615827202796936
Wilmington,9160,0.5107133984565735,0.09616895020008087,0.19366386532783508,213,0.528364360332489,0.5809454917907715,0.5976784825325012,0.6458644866943359
Wilmington,9200,-0.5120046138763428,0.013982697390019894,0.28226742148399353,42,0.7372982501983643,0.7571597099304199,0.8203780651092529,0.8364580273628235
Worcester,9240,2.0556204319000244,0.07284221053123474,0.27309927344322205,209,0.16085179150104523,0.2764624357223511,0.2686522305011749,0.3456590473651886
Yak,9280,1.2609145641326904,0.05368196964263916,0.27090638875961304,82,0.36701473593711853,0.43621736764907837,0.4376264810562134,0.4868573844432831
Yakima,9260,0,0.013901096768677235,0.5693647861480713,34,0.5533714294433594,0.580238938331604,0.6199350357055664,0.6396477222442627
Youngstown,9320,-0.3421981930732727,0.04312991350889206,0.15328390896320343,134,0.4880939722061157,0.5097620487213135,0.5530394315719604,0.5726789236068726
"Yuma,AZ",9360,0.6531415581703186,0.00670203659683466,0.016710881143808365,33,0.7217968702316284,0.757125973701477,0.777633786201477,0.808218240737915
