bord,var,data,spec,coef,se
01,LOG_PRICE,deed,11,0.149339256803183,0.00769791063770306
01,LOG_PRICE,mls,11,0.103837680171706,0.0168941560537042
01,i_white,hmda,11,0.028720629562691,0.00239768657300724
01,LOG_inc_clean,hmda,11,0.137993864821444,0.0056758756893181
01,LOG_PRICE,deed,12,0.0371825650500789,0.00439749254826764
01,LOG_PRICE,mls,12,0.0343174271484538,0.00819492440281234
01,i_white,hmda,12,0.0188851987103732,0.00247031955455098
01,LOG_inc_clean,hmda,12,0.0315784784399169,0.00344861607429869
01,LOG_PRICE,deed,21,0.151392088003163,0.0084555078914339
01,LOG_PRICE,mls,21,0.102354669537689,0.015153490010855
01,i_white,hmda,21,0.0273972526869916,0.00272032483831628
01,LOG_inc_clean,hmda,21,0.134336993736412,0.00615874691096072
01,LOG_PRICE,deed,22,0.0371825650500789,0.00439749254826764
01,LOG_PRICE,mls,22,0.0343174271484538,0.00819492440281234
01,i_white,hmda,22,0.0188851987103732,0.00247031955455098
01,LOG_inc_clean,hmda,22,0.0315784784399169,0.00344861607429869
02,LOG_PRICE,deed,11,0.179195852185289,0.0078218717652106
02,LOG_PRICE,mls,11,0.118942993744176,0.0210230220916346
02,i_white,hmda,11,0.0313304387500748,0.00249418210918243
02,LOG_inc_clean,hmda,11,0.158930805125484,0.00546887781313347
02,LOG_PRICE,deed,12,0.0411834972759425,0.00432243440346225
02,LOG_PRICE,mls,12,0.0273354550508593,0.010601468129277
02,i_white,hmda,12,0.0173788837097814,0.0025159387522995
02,LOG_inc_clean,hmda,12,0.0357750531450578,0.00302221730318206
02,LOG_PRICE,deed,21,0.171945826467163,0.00865142605496952
02,LOG_PRICE,mls,21,0.112378159168304,0.0194127362889664
02,i_white,hmda,21,0.0282623406386488,0.00284672781795858
02,LOG_inc_clean,hmda,21,0.150217123421645,0.00590618373062869
02,LOG_PRICE,deed,22,0.0411834972759425,0.00432243440346225
02,LOG_PRICE,mls,22,0.0273354550508593,0.010601468129277
02,i_white,hmda,22,0.0173788837097814,0.0025159387522995
02,LOG_inc_clean,hmda,22,0.0357750531450578,0.00302221730318206
03,LOG_PRICE,deed,11,0.195708416155297,0.00788934277162042
03,LOG_PRICE,mls,11,0.128083937097297,0.020253934683915
03,i_white,hmda,11,0.0356628054783689,0.00241974905532808
03,LOG_inc_clean,hmda,11,0.166418501847481,0.00573306500177732
03,LOG_PRICE,deed,12,0.0391907888723239,0.00430419402557883
03,LOG_PRICE,mls,12,0.0263037561058159,0.0121901122608606
03,i_white,hmda,12,0.018678421778091,0.00254381801222714
03,LOG_inc_clean,hmda,12,0.0305926797721038,0.00353414959984673
03,LOG_PRICE,deed,21,0.17460039928732,0.00889036425472363
03,LOG_PRICE,mls,21,0.112507614041045,0.0177998552377199
03,i_white,hmda,21,0.0306922602923901,0.00280822209038324
03,LOG_inc_clean,hmda,21,0.150156968395832,0.00644783754254544
03,LOG_PRICE,deed,22,0.0391907888723239,0.00430419402557883
03,LOG_PRICE,mls,22,0.0263037561058159,0.0121901122608606
03,i_white,hmda,22,0.018678421778091,0.00254381801222714
03,LOG_inc_clean,hmda,22,0.0305926797721038,0.00353414959984673
04,LOG_PRICE,deed,11,0.203431446716016,0.00797838956552622
04,LOG_PRICE,mls,11,0.11919257511334,0.0270401935163771
04,i_white,hmda,11,0.0365928209513362,0.00256802736421529
04,LOG_inc_clean,hmda,11,0.171736051151618,0.00632464131335947
04,LOG_PRICE,deed,12,0.0413508589108444,0.0046871125112866
04,LOG_PRICE,mls,12,0.0259024475870955,0.014339729314198
04,i_white,hmda,12,0.0193143186842976,0.00267812605836413
04,LOG_inc_clean,hmda,12,0.0286271425472695,0.00407826842557753
04,LOG_PRICE,deed,21,0.178747288041497,0.00901028171878571
04,LOG_PRICE,mls,21,0.0961310697541921,0.024738460652968
04,i_white,hmda,21,0.0295857037738506,0.00287669142316023
04,LOG_inc_clean,hmda,21,0.148110354715394,0.00720651402285189
04,LOG_PRICE,deed,22,0.0413508589108444,0.0046871125112866
04,LOG_PRICE,mls,22,0.0259024475870955,0.014339729314198
04,i_white,hmda,22,0.0193143186842976,0.00267812605836413
04,LOG_inc_clean,hmda,22,0.0286271425472695,0.00407826842557753
05,LOG_PRICE,deed,11,0.219174248472324,0.00872899113157735
05,LOG_PRICE,mls,11,0.126508606489483,0.0257019948888203
05,i_white,hmda,11,0.0349162293999443,0.00282484175182454
05,LOG_inc_clean,hmda,11,0.17963726608131,0.00668237446980075
05,LOG_PRICE,deed,12,0.0404840379790986,0.00486257594186357
05,LOG_PRICE,mls,12,0.0185363507421854,0.0137820550197069
05,i_white,hmda,12,0.0151823142444151,0.0028036592031057
05,LOG_inc_clean,hmda,12,0.0304548457465127,0.00404345625125718
05,LOG_PRICE,deed,21,0.182978985624649,0.00920383815387882
05,LOG_PRICE,mls,21,0.105619107942467,0.0241926888269031
05,i_white,hmda,21,0.0261817802538183,0.00291743085775452
05,LOG_inc_clean,hmda,21,0.151966866767086,0.0074947418790608
05,LOG_PRICE,deed,22,0.0404840379790986,0.00486257594186357
05,LOG_PRICE,mls,22,0.0185363507421854,0.0137820550197069
05,i_white,hmda,22,0.0151823142444151,0.0028036592031057
05,LOG_inc_clean,hmda,22,0.0304548457465127,0.00404345625125718
06,LOG_PRICE,deed,11,0.231045388717376,0.00969623348904094
06,LOG_PRICE,mls,11,0.114726768504428,0.030356605749227
06,i_white,hmda,11,0.0409435430500175,0.00303799602610286
06,LOG_inc_clean,hmda,11,0.187678745636955,0.00740748812192039
06,LOG_PRICE,deed,12,0.0474414564414527,0.00594704432358867
06,LOG_PRICE,mls,12,0.0200864587344684,0.0170521841662181
06,i_white,hmda,12,0.0206544893172361,0.00314424918410588
06,LOG_inc_clean,hmda,12,0.0340556473363446,0.0045854602493015
06,LOG_PRICE,deed,21,0.197381306192677,0.0103380318840827
06,LOG_PRICE,mls,21,0.105221230448538,0.0300530795713619
06,i_white,hmda,21,0.0329288201695501,0.0031155914706768
06,LOG_inc_clean,hmda,21,0.159267710303424,0.00817188891441809
06,LOG_PRICE,deed,22,0.0474414564414527,0.00594704432358867
06,LOG_PRICE,mls,22,0.0200864587344684,0.0170521841662181
06,i_white,hmda,22,0.0206544893172361,0.00314424918410588
06,LOG_inc_clean,hmda,22,0.0340556473363446,0.0045854602493015
07,LOG_PRICE,deed,11,0.22865072150602,0.0103785964414871
07,LOG_PRICE,mls,11,0.122363374772769,0.0344642280581569
07,i_white,hmda,11,0.0433095367615737,0.00306724701514962
07,LOG_inc_clean,hmda,11,0.177366427239979,0.00742783341275192
07,LOG_PRICE,deed,12,0.0451061117214252,0.00540012229381183
07,LOG_PRICE,mls,12,0.00375567559343365,0.0164671444824866
07,i_white,hmda,12,0.0236564878947112,0.00313150488647395
07,LOG_inc_clean,hmda,12,0.0315305741732363,0.00480358589259854
07,LOG_PRICE,deed,21,0.190317490592739,0.0110228406887639
07,LOG_PRICE,mls,21,0.104605577662199,0.0344016112786287
07,i_white,hmda,21,0.0340573823435866,0.00323036938126604
07,LOG_inc_clean,hmda,21,0.150401726889946,0.00832070234734673
07,LOG_PRICE,deed,22,0.0451061117214252,0.00540012229381183
07,LOG_PRICE,mls,22,0.00375567559343365,0.0164671444824866
07,i_white,hmda,22,0.0236564878947112,0.00313150488647395
07,LOG_inc_clean,hmda,22,0.0315305741732363,0.00480358589259854
08,LOG_PRICE,deed,11,0.218284621638772,0.010272787579555
08,LOG_PRICE,mls,11,0.101175167456265,0.0352541573862707
08,i_white,hmda,11,0.0432510238940378,0.0032392362170671
08,LOG_inc_clean,hmda,11,0.169019047503068,0.00766095386242232
08,LOG_PRICE,deed,12,0.0404465372256364,0.00483010067276604
08,LOG_PRICE,mls,12,-0.0081255550589219,0.0143826235745335
08,i_white,hmda,12,0.0230226717801311,0.00321799048024984
08,LOG_inc_clean,hmda,12,0.0288980702170013,0.00470417715753503
08,LOG_PRICE,deed,21,0.18285958044058,0.0109084570149318
08,LOG_PRICE,mls,21,0.0618165105403675,0.0324539800011713
08,i_white,hmda,21,0.0342039005011381,0.00350258691039765
08,LOG_inc_clean,hmda,21,0.143319591312471,0.00888191176029674
08,LOG_PRICE,deed,22,0.0404465372256364,0.00483010067276604
08,LOG_PRICE,mls,22,-0.0081255550589219,0.0143826235745335
08,i_white,hmda,22,0.0230226717801311,0.00321799048024984
08,LOG_inc_clean,hmda,22,0.0288980702170013,0.00470417715753503
09,LOG_PRICE,deed,11,0.226231242177597,0.0111083759794811
09,LOG_PRICE,mls,11,0.13095834125374,0.0358765913382358
09,i_white,hmda,11,0.0433667844088315,0.00357931761240346
09,LOG_inc_clean,hmda,11,0.170899533783773,0.00832304636869632
09,LOG_PRICE,deed,12,0.0420133517539587,0.005710276612007
09,LOG_PRICE,mls,12,0.0295500336194124,0.0233144431871242
09,i_white,hmda,12,0.0235458754493175,0.00353479851949505
09,LOG_inc_clean,hmda,12,0.0271949145897299,0.00549926761861946
09,LOG_PRICE,deed,21,0.186497478359951,0.0119116931405156
09,LOG_PRICE,mls,21,0.127558913528581,0.0400896376990529
09,i_white,hmda,21,0.0344349017306792,0.00381761441658845
09,LOG_inc_clean,hmda,21,0.138926247291441,0.00959370582246596
09,LOG_PRICE,deed,22,0.0420133517539587,0.005710276612007
09,LOG_PRICE,mls,22,0.0295500336194124,0.0233144431871242
09,i_white,hmda,22,0.0235458754493175,0.00353479851949505
09,LOG_inc_clean,hmda,22,0.0271949145897299,0.00549926761861946
10,LOG_PRICE,deed,11,0.236520122662986,0.0101024584192086
10,LOG_PRICE,mls,11,0.120343821115095,0.0344743137376359
10,i_white,hmda,11,0.0450523057079756,0.00393373794441327
10,LOG_inc_clean,hmda,11,0.179167524640117,0.00802119692456053
10,LOG_PRICE,deed,12,0.0487565242026264,0.00605976423811396
10,LOG_PRICE,mls,12,0.0261015012745307,0.018939407756592
10,i_white,hmda,12,0.0245860095965606,0.0037306971787311
10,LOG_inc_clean,hmda,12,0.0291526635914621,0.00544187105226301
10,LOG_PRICE,deed,21,0.197385658377556,0.0104538053532323
10,LOG_PRICE,mls,21,0.097139425973354,0.0359864574001346
10,i_white,hmda,21,0.0365376093520259,0.00369892860977653
10,LOG_inc_clean,hmda,21,0.150479159977867,0.00920916699109096
10,LOG_PRICE,deed,22,0.0487565242026264,0.00605976423811396
10,LOG_PRICE,mls,22,0.0261015012745307,0.018939407756592
10,i_white,hmda,22,0.0245860095965606,0.0037306971787311
10,LOG_inc_clean,hmda,22,0.0291526635914621,0.00544187105226301
